county,liters_sold_per_adult
Polk,80.51025180088305
Black Hawk,72.3155199820124
Scott,70.32297887308135
Pottawattamie,68.56663126498304
Linn,68.438600202486
Johnson,62.91127479815225
Woodbury,60.300233295815026
Dubuque,55.68615988114481
Story,51.90689399825192
Dallas,48.8416351010101
